816070,jhqdie
498454,jlgwve
865747,uvrvdk
977315,xrkxaz
679742,byfibv
927568,xqwsbe
219052,vintwm
331541,kvhnag
605081,mweype
974549,mwoezy
233963,vrtofp
758450,gjszbf
176513,nvjiik
691304,vgxxwv
740118,evxrec
596799,eakqkp
752667,dlmksj
659076,tddnxw
868482,vptyfe
483348,hehqxy
672479,slmxov
220463,tawion
279068,widbhe
154879,repljt
730556,czbdkl
409909,mrxzxw
515202,fzjhrr
913540,ysfghb
607850,cdpqub
963953,dgfosj
181717,diihri
187960,cbwjht
490814,qepjoh
634710,bkzoes
118446,pyyhsr
378884,fznhcu
656329,gmfhuo
690750,tjskfc
639812,zgtoaj
812391,fqfgcg
273347,iwjgcg
601488,faokii
554250,bqtpht
366979,vieoqw
664879,tdsbie
608050,efzaho
186256,duoobi
